{
  "app_name": "BillGeneratorV03",
  "version": "1.0.0",
  "mode": "V03",
  "features": {
    "excel_upload": true,
    "online_entry": true,
    "batch_processing": false,
    "advanced_pdf": false,
    "custom_templates": false,
    "analytics": false,
    "api_access": false
  },
  "ui": {
    "theme": "default",
    "show_debug": false,
    "branding": {
      "title": "Bill Generator V03",
      "icon": "\ud83d\udcc4",
      "color": "#ed8936"
    }
  },
  "processing": {
    "max_file_size_mb": 5,
    "enable_caching": false,
    "pdf_engine": "pdfkit"
  }
}